id;name;url;description;title
1;deposit e-business;http://luis miguel.com;SMS data-warehouse;Moldavia
2;Juguetería Supervisor Carretera;http://claudio.es;Sum;proporciona
3;payment;https://luisa.org;e-tailers firewall;state Oficial Dominica
4;invoice;http://alejandra.es;Syrian Dollar Aragón;Corporativo withdrawal
5;Soluciones;https://carmen.com;hacking;Blanco
6;sinergia;https://agustín.org;Navarra Mascotas Account;optical Representante Noruega
7;Ladrillo mission-critical multimedia;https://ana.es;primary Cataluña AGP;best-of-breed deposit 4th
8;Identidad Clonado;https://verónica.com;Somalia overriding Avon;embrace
9;Madera transition;https://pablo.es;Cambridgeshire XML Calle;Arrabal
10;e-commerce Bedfordshire reinvent;http://jesús.info;Georgia;Marruecos en Sorprendente
